gene	noncodingRNA	noncodingRNA_name	noncodingRNA_fam	feature	label	chr	start	end	strand	gene_cluster_ID
CCCAGGGTGTTTCATGCTGAGGTAGTAGGATGAATAAAGGCAAATATGCA	CTATACAATCTACTGTCTTTC	hsa-let-7a-3p	let-7		1	13	103634174	103634223	-	355
CAACTCTATACAACACACCTACTATCTCTTGATGCCCTATTGACAGTGAT	TGAGGTAGTAGGTTGTGTGGTT	hsa-let-7a-5p	let-7	exon	1	10	102362496	102362545	+	1611
TAGAGGATCCTAGACCAGCATGCCAGTGTGCCAAGGCCACAGGGAAAGCG	TGAGGTAGTAGGTTGTATAGTT	hsa-let-7a-5p	let-7	exon	1	11	65500706	65500755	+	1457
CATCCCCCTGACGGCCGAGAAGCTGTGCATCTACACCGACAACTCCATCC	TGAGGTAGTAGGTTGTATAGTT	hsa-let-7a-5p	let-7	exon	1	11	69643180	69643229	+	97
CAACATGAAACAGTTCATCCGCTACCTCATCTCGTCCAACGTCGGGGAAG	TGAGGTAGTAGGTTGTATAGTT	hsa-let-7a-5p	let-7	exon	1	12	110342392	110342441	+	3303
CGGAACTCCCAGTTTGACTTTCTGCGCTTCGACCACTACCTCAACCCCTA	TGAGGTAGTAGGTTGTATAGTT	hsa-let-7a-5p	let-7	exon	1	12	131725504	131725553	+	223
GCAATTTAGTGGTACTGATTTGCTTAATGGACCTCTAGCTTCAAGTTTGA	TGAGGTAGTAGGTTGTATAGTT	hsa-let-7a-5p	let-7	exon	1	12	45852443	45852492	+	1956
TTTATTGAATCTATACAACCTCCTTCAATTTCTGCTCCAGCAATAGCTGA	TGAGGTAGTAGGTTGTATAGTT	hsa-let-7a-5p	let-7	exon	1	13	19851948	19851997	-	3301
ACACGAATGCAAAAGCAGAAAATGAATGATAGCATGGATACCTCAAACAA	TGAGGTAGTAGGTTGTATAGTT	hsa-let-7a-5p	let-7	exon	1	13	48480009	48480058	+	3302
GGAAATCAGCTAAATTACTACAAGCAGGAAATACCCGTGCAACCAACTAC	TGAGGTAGTAGGTTGTATAGTT	hsa-let-7a-5p	let-7	exon	1	14	95103752	95103801	-	3529
ACCTGTTTTCTAGGACCCAGCGTATGTAGCATTTGTATTGCAGTTTCCCT	CTATACAATCTACTGTCTTTC	hsa-let-7a-3p	let-7	three_prime_utr	0	2	111168260	111168309	+	4104
ATAAACCTGGAGATATTATAAGGGAGAGCTGAGCCAGTTGTCCTATGGAC	TGAGGTAGTAGGTTGTATAGTT	hsa-let-7a-5p	let-7	three_prime_utr	0	20	41123432	41123481	+	3808
ACTACGCCTCCCCACACGCCCAGACCCCTCACTCCAAAATCCTACTGGCT	TGAGGTAGTAGGTTGTATAGTT	hsa-let-7a-5p	let-7	three_prime_utr	0	8	11759780	11759829	+	233
TCCAGCTCGCTCGCCGCATTCGCGGAGAAAGAGCGTAAATGTAAAGTCAC	TGAGGTAGTAGGTTGTATAGTT	hsa-let-7a-5p	let-7	exon	0	6	26031638	26031687	-	4146
GATTCCAGCTAATGGTTTCCCCTGGCATTTGACTTCGTGACGTGTAACGG	TGAGGTAGTAGGTTGTATAGTT	hsa-let-7a-5p	let-7	exon	0	3	170062450	170062499	-	591
CCCAGGGGAGCAGCAGGAAAAATCAGGGAACAGAGACGCCAGTTTAGCCA	TGAGGTAGTAGGTTGTATAGTT	hsa-let-7a-5p	let-7	exon	0	12	50475742	50475791	+	1347
ATCCGGGAGAAGGCACTTCACAAACACCTTAACAAGCACAGGGACTTCTT	TGAGGTAGTAGGTTGTATAGTT	hsa-let-7a-5p	let-7	exon	0	12	56600972	56601021	-	3879
CGTCTTTGAGAATAAAGGAAAAAAAATCTTCAGATGCAATGGTTTTGTGT	TGAGGTAGTAGGTTGTATAGTT	hsa-let-7a-5p	let-7	three_prime_utr	0	6	113861587	113861636	+	2701
AGCCTAATTATAGATTGGCCCTGCAAGCATGTCACTGTATCTTTTATGTC	TGAGGTAGTAGGTTGTATAGTT	hsa-let-7a-5p	let-7	intron	0	10	94608313	94608362	+	1599
GTTTATATGCACTTTCTTCCGATCTGTACCTGAGAGGTTTGTGGAAAAGA	TGAGGTAGTAGGTTGTATAGTT	hsa-let-7a-5p	let-7	three_prime_utr	0	12	109597179	109597228	+	1369
GAGCCATAGTGAAGGTGTTCCTAGCTTTGGCAGCAAAAGGGCCAGTTCTC	TACAGTACTGTGATAACTGAA	hsa-miR-101-3p	mir-101	exon	1	8	47935754	47935803	-	3100
ACTTCAGCTGTACTTCGTCTTCTAATTTCAAAAATATAACTTAAAAATGT	TACAGTACTGTGATAACTGAA	hsa-miR-101-3p	mir-101	three_prime_utr	1	10	60794077	60794126	+	2831
TTTTTTTTGCTGTCATCCCCACTTTAGTCACGAGATCTTTTTCTGCTAAC	TACAGTACTGTGATAACTGAA	hsa-miR-101-3p	mir-101	three_prime_utr	1	15	41380248	41380297	+	2178
ACTCCTAGAAGAACCAAATACCTCAATTTTTGTTTTTGAGTACTGTACTA	TACAGTACTGTGATAACTGAA	hsa-miR-101-3p	mir-101	three_prime_utr	1	5	172768298	172768347	-	3974
AACATGCAGTTTGAAATTCTGAATTTGCAAAGTACTGTAAGAATAATTTA	TACAGTACTGTGATAACTGAA	hsa-miR-101-3p	mir-101	three_prime_utr	1	7	148807514	148807563	-	3101
ACTGGTATTATTTAACAATACTGTGATAACTGAAATTCATGCATATCAAA	CAGTTATCACAGTGCTGATGCT	hsa-miR-101-5p	mir-101	intron	1	5	95584424	95584473	+	1887
AAAAGGAGCCTAACTGCATTATGAGAACAGAAAGAATATTTTAATAACCA	TACAGTACTGTGATAACTGAA	hsa-miR-101-3p	mir-101		0	15	52890523	52890572	+	744
GTTATTCTTAAGACCACCTCAAATTTAAAGGCTACCTTATTGTACGTTTA	TACAGTACTGTGATAACTGAA	hsa-miR-101-3p	mir-101	three_prime_utr	0	2	173908584	173908633	-	2051
TGGGTAGTGGGTGGTGTCGCCCAAGTCCCTGAGGGTCTCAGGTGGGCCCT	TACAGTACTGTGATAACTGAA	hsa-miR-101-3p	mir-101	intron	0	17	18285334	18285383	-	687
ACAATAGGAAACACCACTTCCACAAGTCTCAAGCCTCAGTGCTAAAGTAC	TACAGTACTGTGATAACTGAA	hsa-miR-101-3p	mir-101	three_prime_utr	0	17	29544403	29544452	+	2401
ACCGACCCGTAGCATCTCGTCACGCCAGCACTCGCCTCCCTACCAATGAC	TACAGTACTGTGATAACTGAA	hsa-miR-101-3p	mir-101	three_prime_utr	0	19	48795352	48795401	-	2450
TAAAGAAGCAATCTACTATTTCCCCTTCTACCTCTTATTCTTTGAAACCT	CAGTTATCACAGTGCTGATGCT	hsa-miR-101-5p	mir-101	exon	0	15	41710880	41710929	+	840
AATCTCTTGCACTCAAAGCTTGTTAAGATAGTTAAGCGTGCATAAGTTAA	TGGTCAGATTTGAACTCTTCAA	hsa-miR-10393-3p	unknown	three_prime_utr	1	15	44717892	44717941	+	3874
ACTTGACAGTTTAGAAGTGGATTGATAATACTCTTCTGGCTTAAAACCCT	TGGTCAGATTTGAACTCTTCAA	hsa-miR-10393-3p	unknown	intron	0	X	74278794	74278843	-	519
GTTGCTCCACAGGTAGCTCTAGGAGGGCTGGCAACTTAGAGGTGGGGAGC	AGAATTCTCTTATCCAACATCAACA	hsa-miR-10393-5p	unknown	three_prime_utr	1	15	44717792	44717841	+	4135
TGGCAAGCTGCCTAAACTGCAGTGAAGGCCTTTGATTCCTGTGACTCTGT	AGAATTCTCTTATCCAACATCAACA	hsa-miR-10393-5p	unknown		0	7	57284620	57284669	+	603
GACGACAGGCTGTGGATGTGTCCCCCCTGCGCCGTGTGAACCAGGTGAGC	TGGGCGCGCCGGGACTGTGAGAC	hsa-miR-10394-3p	unknown	exon,intron	1	19	58393444	58393493	+	3383
GGTTGAAGTGATTCCTGAGGGAGCAATGCTGAGGCTTGGCATGACAAATC	TGGGCGCGCCGGGACTGTGAGAC	hsa-miR-10394-3p	unknown	exon	0	6	20955510	20955559	+	2415
ATGTGAAGTGAGGGCAGCCTTGTGCAGGGCTATGAAGTTTGGCCTAACTC	AGCTTCTTTACAGTGCTGCCTTG	hsa-miR-103a-2-5p	mir-103		1	13	21917763	21917812	+	628
TATGAGCACACTGATGTGTGACCCTGTGGTGCTGCCATCTTCCAGAGTCA	AGCAGCATTGTACAGGGCTATGA	hsa-miR-103a-3p	mir-103	exon	1	11	118392809	118392858	+	3697
CATTGCCCAGTTTAAGCAGGGTGTCAAGTCTGTGGCTGGGAAAATGGCTG	AGCAGCATTGTACAGGGCTATGA	hsa-miR-103a-3p	mir-103	exon	1	11	47166300	47166349	-	2442
TCCACCTGGCTCCACAGTGCTGGTGGAAGGAGGGTATGATGCAGGTGCCA	AGCAGCATTGTACAGGGCTATGA	hsa-miR-103a-3p	mir-103	exon	1	12	51241032	51241081	+	1552
GCTTATCCATCGCACTCCGGATATGCTGACCCCTGCGATTTTCCCAAATG	AGCTTCTTTACAGTGCTGCCTTG	hsa-miR-103a-2-5p	mir-103	exon	0	6	13214112	13214161	+	2576
CAAAATACCTGAATTCTTAACACTGTTATATTTCAGTATAAGTGGTGGCT	AGCAGCATTGTACAGGGCTATGA	hsa-miR-103a-3p	mir-103	three_prime_utr	0	3	47586112	47586161	-	2828
GGTACAGCAACAGAGACCAAGGCTCTGGAGGAGGGACTAACCCCCCAGGA	AGCAGCATTGTACAGGGCTATGA	hsa-miR-103a-3p	mir-103	exon	0	12	57498475	57498524	+	265
CTGAATGATCTTCCTGTGGGTAGATCAGTGGATGAGACACTACGTTTGGT	AGCAGCATTGTACAGGGCTATGA	hsa-miR-103a-3p	mir-103	exon	0	X	23682442	23682491	+	1800
ACTCTTTCCTCTTATTCAAGCCACGCACCCTACTCTTGCTGGTAAAATCA	AAAGCAAATGTTGGGTGAACGGC	hsa-miR-10527-5p	unknown	exon	1	2	146589118	146589167	+	4167
ACGGCTGTTTCCTCTTATTCAAGCTATGCACCCTACTCTTGCTGGTAAAA	AAAGCAAATGTTGGGTGAACGGC	hsa-miR-10527-5p	unknown	exon	1	2	44066052	44066101	-	4167
TGTTTCCTCTTATTCAAGCCATGCACCCTACTCTTGCTGGTAAAATCACT	AAAGCAAATGTTGGGTGAACGGC	hsa-miR-10527-5p	unknown	exon	1	8	100704998	100705047	-	4167
GAGCACTACTGTAATATAAAGCCACCATTATTTTTTATCAAACATCTGAA	AAAGCAAATGTTGGGTGAACGGC	hsa-miR-10527-5p	unknown	three_prime_utr	0	2	152655719	152655768	-	2821
CGCCACCCCTACTCCCTTCAACCCTCCCTCTTTCTGCCCATTTCCTCCCA	AAAGCAAATGTTGGGTGAACGGC	hsa-miR-10527-5p	unknown	three_prime_utr	0	2	167955406	167955455	-	2793
GTACAGTGACAACCCGGGCCGGCAGCAAGGACACAGATGCAGCCACAGTA	AAAGCAAATGTTGGGTGAACGGC	hsa-miR-10527-5p	unknown	three_prime_utr	0	15	80596792	80596841	+	553
AGACCACTTTACAAAGTTAGCTGTAGAAGCAGTTCTCAGACTGAAAGGCT	AAAAGTGCTTACAGTGCAGGTAG	hsa-miR-106a-5p	mir-17	exon	1	12	69589566	69589615	+	50
TGTTAACTTTAGCCAGGACCCAGATGTGCACTTTAAATATATTCAGGCAG	CAAAGTGCTTACAGTGCAGGTAG	hsa-miR-106a-5p	mir-17	exon	1	17	59668802	59668851	+	27
TGCCAGCGACTATGCCTACCTGCGTGAGCACTTCCGGGAGAAGCACTTTC	AAAAGTGCTTACAGTGCAGGTAG	hsa-miR-106a-5p	mir-17	exon,intron	1	16	2002380	2002429	-	3213
CAAGTAGACAGGATATGTTCAAGGTTTTCTGCACTGTAGGCACAGTCTCT	AAAAGTGCTTACAGTGCAGGTAG	hsa-miR-106a-5p	mir-17		1	12	100625956	100626005	+	37
GGCACTCATTAGCTGCAATGTGGGTACTTTCTGCAGTGTTGATACATAGC	AAAAGTGCTTACAGTGCAGGTAG	hsa-miR-106a-5p	mir-17		1	18	43252234	43252283	+	745
ACACACAAGGCCTCTGAGAATGGGCACTATGAATTGGAGCACCTGTCTAC	AAAAGTGCTTACAGTGCAGGTAG	hsa-miR-106a-5p	mir-17	exon	0	15	75598419	75598468	-	1677
AGAGCAAGTCTGAGTGGACCCACATGTAACCTGCTATGAAAACCATTTGT	CAAAGTGCTTACAGTGCAGGTAG	hsa-miR-106a-5p	mir-17		0	7	148800928	148800977	+	1173
ATTCCAAAATTCAGAGATGGCTTTGGGGCAAGTGCTACCTGTGGAATAAA	AAAAGTGCTTACAGTGCAGGTAG	hsa-miR-106a-5p	mir-17	three_prime_utr	0	14	67747855	67747904	-	335
TCAAAAGTACCACAATGGAGGGAGCTATGTTGCCTAATTATGGTGTAGCT	CAAAGTGCTTACAGTGCAGGTAG	hsa-miR-106a-5p	mir-17	exon	0	6	85536810	85536859	-	1991
TAGCTTTTATAGTCATTGTTTTTCAAAGACGATATACCAGCCCTCACCCA	CAAAGTGCTTACAGTGCAGGTAG	hsa-miR-106a-5p	mir-17	three_prime_utr	0	5	175526965	175527014	+	4062
CTCGGCCTCTTACAATGCCCAGTCTGCCCCATATGCTGCACAGCAGGCTG	AGCAGCATTGTACAGGGCTATCA	hsa-miR-107	mir-103	exon	1	11	66625094	66625143	+	2324
CTGTACTGCTGCCCCCTGTCATGCTGCTCATTGATGGCAATGTTGCTTAC	AGCAGCATTGTACAGGGCTATCA	hsa-miR-107	mir-103	exon	1	17	44012030	44012079	-	3762
CTCTCTGTGTGACCCCTGGCCCTCTCTGCCCATCAGTGTCCCCAGCTGTG	AGCAGCATTGTACAGGGCTATCA	hsa-miR-107	mir-103		1	14	101291601	101291650	-	19
ATGTACCCACAAAAAGCAGCAATGTACAGGGCTACCCTTTTCTGATACCT	AGCAGCATTGTACAGGGCTATCA	hsa-miR-107	mir-103		1	3	149768048	149768097	+	7
TCTTGTTTAGATATGCTGGTCCTGAAGATGATGCTGCCATTACCTTGGTA	AGCAGCATTGTACAGGGCTATCA	hsa-miR-107	mir-103	intron,exon	1	3	25627184	25627233	-	3466
GGAAATTCAGGCCGGGAGTCAGGGCCAGGCGGGCGCCAGCGACTCACCCT	AGCAGCATTGTACAGGGCTATCA	hsa-miR-107	mir-103	intron	0	7	102248442	102248491	+	2493
CAGTGCCCATGTTTCTTGTGTTTAAATATTTTTTATTTTCACTACATATA	AGCAGCATTGTACAGGGCTATCA	hsa-miR-107	mir-103	three_prime_utr	0	5	66182274	66182323	+	3463
TTGTTTAATGTTGAGATTCTGGGGACCATAGGTGGGCCTGTCAACTCTTA	AGCAGCATTGTACAGGGCTATCA	hsa-miR-107	mir-103	three_prime_utr	0	5	151808179	151808228	+	3082
CGAGGTGCCGGGTGCTCCGTTCCGCCTGGCTGCCCCGCCTGGGAGCGGGG	AGCAGCATTGTACAGGGCTATCA	hsa-miR-107	mir-103	intron	0	10	60944244	60944293	-	823
TCTGAATCCTTCCTGTTCATGCTGCTTTCTTAATTCATTTCTCCATGTCA	AGCAGCATTGTACAGGGCTATCA	hsa-miR-107	mir-103	three_prime_utr	0	8	140520764	140520813	-	3129
CACTACTTTATGACGTCTGAGGCACACCCCTTTCCGAATTTCAAGGACCA	CAAATTCGTATCTAGGGGAATA	hsa-miR-10a-3p	mir-10		1	3	169084012	169084061	-	2495
TAATAGCACAGAAGATCCAGAAGCTGATGGATGTGGGTCTGATTGCAATT	TACCCTGTAGATCCGAATTTGTG	hsa-miR-10a-5p	mir-10	exon	1	11	64204071	64204120	+	3015
GAGGGGGATCACATGACCCTGCTCAATATCTATCGGACCTTCAAAAACCT	TACCCTGTAGATCCGAATTTGTG	hsa-miR-10a-5p	mir-10	exon	1	17	5450216	5450265	-	1674
AGATCAAGGATTCGGAGAAAGGTCTCTACAGGTCCCTCCTCGTTAGTATA	TACCCTGTAGATCCGAATTTGTG	hsa-miR-10a-5p	mir-10	exon	1	17	8222296	8222345	-	3385
TTATTGCAAGGAGCAGAGTGCCCTCTGCTGGAGTAATCGCAATTATTCTT	CAAATTCGTATCTAGGGGAATA	hsa-miR-10a-3p	mir-10		0	4	140861520	140861569	-	3924
CAGACTGCTGCCTCATATCCGGGGGAATGTGGGCTTTGTGTTCACCAAGG	TACCCTGTAGATCCGAATTTGTG	hsa-miR-10a-5p	mir-10	exon,intron	0	12	120199159	120199208	-	2296
CTCCTAGTCTCACTTACGGAAGAACCCGCCCACATACTCCAGCTCCACAT	TACCCTGTAGATCCGAATTTGTG	hsa-miR-10a-5p	mir-10	exon,intron	0	22	27999218	27999267	-	750
ATGACTTGATGAACCCGGGAGGCAGAGGTTGCAGTGAGCCAAGATCGCAC	TACCCTGTAGATCCGAATTTGTG	hsa-miR-10a-5p	mir-10	intron	0	16	3787719	3787768	-	334
AATCACACAGCAGTGCATGCCCACCTGGCTGGAAATACACACCTCGGAGG	TTTCCGGCTCGCGTGGGTGTGT	hsa-miR-1180-3p	mir-1180	exon	1	11	33353212	33353261	+	1014
ACATTGGCGAATTTGAAATCATTGATGACCACAGAGCTGGGAAAATTGTT	TTTCCGGCTCGCGTGGGTGTGT	hsa-miR-1180-3p	mir-1180	exon	1	16	18788090	18788139	-	798
CGTCGTCTCTATGGCAACACACCCATGCGCCGGGCACTGCTTACTTGGAG	TTTCCGGCTCGCGTGGGTGTGT	hsa-miR-1180-3p	mir-1180	exon	1	17	28634687	28634736	-	1927
CGGGCTCGATGCCGGAAAAACACCTTGGCCCGCCGGAAGGGCAGGCACAT	TTTCCGGCTCGCGTGGGTGTGT	hsa-miR-1180-3p	mir-1180	exon	1	17	39202382	39202431	+	3630
AAAAGCACAAGAAGAATATGAACAGATACAAGCCAAACGTGCTGCTAAGA	TTTCCGGCTCGCGTGGGTGTGT	hsa-miR-1180-3p	mir-1180	intron	0	12	82354500	82354549	-	3994
ACAGGGAGAGACATGGGCGAATGAGTGAGAAATTTTTACAAAATTACGAT	TTTCCGGCTCGCGTGGGTGTGT	hsa-miR-1180-3p	mir-1180	three_prime_utr	0	16	4257951	4258000	-	3507
CTCTCTGTGTGACCCCTGGCCCTCTCTGCCCATCAGTGTCCCCAGCTGTG	TTTCCGGCTCGCGTGGGTGTGT	hsa-miR-1180-3p	mir-1180		0	14	101291601	101291650	-	19
TATGAGGCTACTGAGTATGCCAGGAGCCCAGGGAGCTGCAGCAGCAGGGT	TTTCCGGCTCGCGTGGGTGTGT	hsa-miR-1180-3p	mir-1180	exon	0	6	31896352	31896401	-	447
ATGGTGGGTTATGTGAGTGCTGGGACTGTGGAATACCTGTACAGCCAGGA	CCCGGAGCCAGGATGCAGCTC	hsa-miR-1203	mir-1203	exon	1	17	37259460	37259509	-	1740
CTGCTGCACCCACGAATCTGCCCACCCCTCCTGTAACCCAGCCTGTTTCA	CCCGGAGCCAGGATGCAGCTC	hsa-miR-1203	mir-1203	exon	0	21	31685056	31685105	-	2629
CACAACACGTGTGAGGTGCGGCGCGGCTTCAGGGGCTGCTATGGGAGGCA	TGAGCCCCTGTGCCGCCCCCAG	hsa-miR-1225-3p	mir-1225	intron,exon	1	19	18435528	18435577	-	3783
TCCCTAGCCTTCCTGGCCTGGAGGGCCTGGTCTTGCACTGGCAGCTGTAA	TGAGCCCCTGTGCCGCCCCCAG	hsa-miR-1225-3p	mir-1225	three_prime_utr	0	11	118896710	118896759	-	3111
GTGAGAAGGCTGGGGACCGGGAGGTGCAGAGGACAATGCTGGAGCTTCTG	TCACCAGCCCTGTGTTCCCTAG	hsa-miR-1226-3p	mir-1226	exon	1	11	47420670	47420719	-	1492
TCTTTGCCTATGGGCAGACCGGGGCTGGGAAATCCTATACCATGATGGGG	TCACCAGCCCTGTGTTCCCTAG	hsa-miR-1226-3p	mir-1226	exon	1	17	5001316	5001365	+	703
GATGCAGTCACGGGAACAGGTTTCAGAAGAGCTGGTGAGGTTACAGAAAG	TCACCAGCCCTGTGTTCCCTAG	hsa-miR-1226-3p	mir-1226	exon	1	17	5373322	5373371	+	2903
CCGCCGCCGCCGCCGCTGCTGCTGCACTGACGGCGGGTGCCCGCGCCTCA	TCACCAGCCCTGTGTTCCCTAG	hsa-miR-1226-3p	mir-1226	five_prime_utr	0	20	36746046	36746095	-	158
ACAAGCCTGGCGTGTTGCTGGGGTTTAACATGAAAGAATTAAATAAAGTC	TCACCAGCCCTGTGTTCCCTAG	hsa-miR-1226-3p	mir-1226	exon	0	20	50892212	50892261	-	1853
ACGAGGGTGCTGTGGAAATCTCAGACTGTGCTTCTTGTGCAAGTAATCAG	TCACCAGCCCTGTGTTCCCTAG	hsa-miR-1226-3p	mir-1226	exon	0	8	47293942	47293991	+	3514
CTTTACATTTGGTGTACTTTCGGGCGTGGTGGCAGTAAAATGACACCGTG	CGTGCCACCCTTTTCCCCAG	hsa-miR-1227-3p	mir-1227	three_prime_utr	1	17	21001902	21001951	-	494
TAGAAATGTAAACTCTCAGGCCCCACAACTTACTTCCTGCATTTTAACAA	CGTGCCACCCTTTTCCCCAG	hsa-miR-1227-3p	mir-1227	three_prime_utr	0	8	89925977	89926026	+	2118
